"id","name","screen_name","statuses_count","followers_count","friends_count","favourites_count","listed_count","url","lang","time_zone","location","default_profile","default_profile_image","geo_enabled","profile_image_url","profile_banner_url","profile_use_background_image","profile_background_image_url_https","profile_text_color","profile_image_url_https","profile_sidebar_border_color","profile_background_tile","profile_sidebar_fill_color","profile_background_image_url","profile_background_color","profile_link_color","utc_offset","is_translator","follow_request_sent","protected","verified","notifications","description","contributors_enabled","following","created_at","timestamp","crawled_at","updated"
"2355955040","Prize Giveaways","PrizeCrazy66450","716","86","78","0","4","http://t.co/CF0tmHKIHk","en-gb","Hawaii",,,,,"http://pbs.twimg.com/profile_images/457368404295315456/IgkZqoui_normal.jpeg","https://pbs.twimg.com/profile_banners/2355955040/1397880107","1","https://pbs.twimg.com/profile_background_images/457368505466097666/gb8u_bYy.jpeg","333333","https://pbs.twimg.com/profile_images/457368404295315456/IgkZqoui_normal.jpeg","FFFFFF",,"DDEEF6","http://pbs.twimg.com/profile_background_images/457368505466097666/gb8u_bYy.jpeg","FFFFFF","7E0306","-36000",,,,,,"NOTICE TO WINNERS: A unique prize code is necessary to enter our private contest. Click the link below:",,,"Sat Feb 22 07:22:34 +0000 2014","2014-02-22 08:22:34","2014-05-05 21:59:19","2016-03-14 15:46:02"
"2368624550","Prize Giveaways","Prizetopia43484","779","87","79","0","2","http://t.co/3agfNy4i4S","en-gb","Hawaii",,,,,"http://pbs.twimg.com/profile_images/457042600055169025/rRAX-l-z_normal.jpeg","https://pbs.twimg.com/profile_banners/2368624550/1397802424","1","https://pbs.twimg.com/profile_background_images/457042657047351296/lESdJ7hA.jpeg","333333","https://pbs.twimg.com/profile_images/457042600055169025/rRAX-l-z_normal.jpeg","FFFFFF",,"DDEEF6","http://pbs.twimg.com/profile_background_images/457042657047351296/lESdJ7hA.jpeg","FFFFFF","7E0306","-36000",,,,,,"NOTICE TO WINNERS: A unique invite code is needed 2 enter our private sweeps. Click the link below:",,,"Sun Mar 02 09:38:19 +0000 2014","2014-03-02 10:38:19","2014-05-05 21:59:19","2016-03-14 15:46:02"
"2355950858","Prize Crazy","TweetWin57918","753","89","97","0","0","http://t.co/jlIaA4LovD","en-gb","Hawaii",,,,,"http://pbs.twimg.com/profile_images/457368339707215872/6Fk3bvET_normal.jpeg","https://pbs.twimg.com/profile_banners/2355950858/1397880089","1","https://pbs.twimg.com/profile_background_images/457368418501410816/guYQf0j5.jpeg","333333","https://pbs.twimg.com/profile_images/457368339707215872/6Fk3bvET_normal.jpeg","FFFFFF",,"DDEEF6","http://pbs.twimg.com/profile_background_images/457368418501410816/guYQf0j5.jpeg","FFFFFF","7E0306","-36000",,,,,,"NOTICE TO WINNERS: A unique invitation code is necessary 2 enter our private sweeps. Click the link below:",,,"Sat Feb 22 07:19:00 +0000 2014","2014-02-22 08:19:00","2014-05-05 21:59:19","2016-03-14 15:46:02"
"2357744766","Prize World","Prizetopia67432","743","93","104","0","4","http://t.co/lVWwVDdjr6","en-gb","Hawaii",,,,,"http://pbs.twimg.com/profile_images/457050994052837376/zoP9iSom_normal.jpeg","https://pbs.twimg.com/profile_banners/2357744766/1397804428","1","https://pbs.twimg.com/profile_background_images/457051177281011713/Umspe5ay.jpeg","333333","https://pbs.twimg.com/profile_images/457050994052837376/zoP9iSom_normal.jpeg","FFFFFF",,"DDEEF6","http://pbs.twimg.com/profile_background_images/457051177281011713/Umspe5ay.jpeg","FFFFFF","7E0306","-36000",,,,,,"NOTICE TO WINNERS: A unique invitation code is necessary to enter our exclusive sweeps. Click the link below:",,,"Sun Feb 23 09:30:43 +0000 2014","2014-02-23 10:30:43","2014-05-05 21:59:19","2016-03-14 15:46:03"
"2362454995","Prize Rocket","PrizeFun52329","180","87","71","0","1","http://t.co/rPMDkKvchA","en-gb","Hawaii",,,,,"http://pbs.twimg.com/profile_images/461979077201506304/UVJZTts5_normal.jpeg","https://pbs.twimg.com/profile_banners/2362454995/1398979373","1","https://pbs.twimg.com/profile_background_images/461979171766292481/mLmFy92-.jpeg","333333","https://pbs.twimg.com/profile_images/461979077201506304/UVJZTts5_normal.jpeg","FFFFFF",,"DDEEF6","http://pbs.twimg.com/profile_background_images/461979171766292481/mLmFy92-.jpeg","FFFFFF","7E0306","-36000",,,,,,"NOTE TO WINNERS: A unique invitation code is necessary to enter our exclusive sweeps. Click the link below:",,,"Wed Feb 26 09:57:57 +0000 2014","2014-02-26 10:57:57","2014-05-05 21:59:19","2016-03-14 15:46:03"
"2338402742","Meinir Biggerstaff","TweetLotto88583","802","17","40","0","0",,"en","Hawaii",,,,,"http://pbs.twimg.com/profile_images/456656925422149632/x2Ju7kQ7_normal.jpeg","https://pbs.twimg.com/profile_banners/2338402742/1397710477","1","https://pbs.twimg.com/profile_background_images/456656981026021377/fnfMfeLN.jpeg","333333","https://pbs.twimg.com/profile_images/456656925422149632/x2Ju7kQ7_normal.jpeg","FFFFFF",,"DDEEF6","http://pbs.twimg.com/profile_background_images/456656981026021377/fnfMfeLN.jpeg","FFFFFF","7E0306","-36000",,,,,,,,,"Tue Feb 11 13:44:26 +0000 2014","2014-02-11 14:44:26","2014-05-05 21:59:19","2016-03-14 15:46:03"
"2358695780","Prize Giveaways","Prizetopia78822","713","87","98","0","3","http://t.co/EFeGOZeSPP","en-gb","Hawaii",,,,,"http://pbs.twimg.com/profile_images/457365765503471616/BLLhbvDx_normal.jpeg","https://pbs.twimg.com/profile_banners/2358695780/1397879475","1","https://pbs.twimg.com/profile_background_images/457365871346728960/UniJZlxv.jpeg","333333","https://pbs.twimg.com/profile_images/457365765503471616/BLLhbvDx_normal.jpeg","FFFFFF",,"DDEEF6","http://pbs.twimg.com/profile_background_images/457365871346728960/UniJZlxv.jpeg","FFFFFF","7E0306","-36000",,,,,,"NOTE TO WINNERS: A unique invitation code is needed to enter our exclusive contest. Click the link below:",,,"Mon Feb 24 00:27:21 +0000 2014","2014-02-24 01:27:21","2014-05-05 21:59:19","2016-03-14 15:46:03"
"2359263012","Prize Rocket","Prizetopia55944","761","85","92","0","2","http://t.co/UvFOHWkgWR","en-gb","Hawaii",,,,,"http://pbs.twimg.com/profile_images/457049860181487616/nayu9QfN_normal.jpeg","https://pbs.twimg.com/profile_banners/2359263012/1397804156","1","https://pbs.twimg.com/profile_background_images/457049977265467392/UTfEtrMm.jpeg","333333","https://pbs.twimg.com/profile_images/457049860181487616/nayu9QfN_normal.jpeg","FFFFFF",,"DDEEF6","http://pbs.twimg.com/profile_background_images/457049977265467392/UTfEtrMm.jpeg","FFFFFF","7E0306","-36000",,,,,,"NOTE TO WINNERS: A unique invitation code is needed to enter our private contest. Click the link below:",,,"Mon Feb 24 09:58:44 +0000 2014","2014-02-24 10:58:44","2014-05-05 21:59:19","2016-03-14 15:46:04"
"2362409005","Prize Crazy","PrizeFun39889","192","94","90","0","2","http://t.co/eF4NFWDVQ1","en-gb","Hawaii",,,,,"http://pbs.twimg.com/profile_images/461979078002630656/l9BmaHv4_normal.jpeg","https://pbs.twimg.com/profile_banners/2362409005/1398979373","1","https://pbs.twimg.com/profile_background_images/461979172265418752/sphMB8K0.jpeg","333333","https://pbs.twimg.com/profile_images/461979078002630656/l9BmaHv4_normal.jpeg","FFFFFF",,"DDEEF6","http://pbs.twimg.com/profile_background_images/461979172265418752/sphMB8K0.jpeg","FFFFFF","7E0306","-36000",,,,,,"NOTICE TO WINNERS: A unique prize code is needed 2 enter our private sweeps. Click the link below:",,,"Wed Feb 26 09:11:28 +0000 2014","2014-02-26 10:11:28","2014-05-05 21:59:19","2016-03-14 15:46:04"
"2360699940","Prize Crazy","Prizetopia55036","733","86","96","0","2","http://t.co/Y3iizGhgw2","en-gb","Hawaii",,,,,"http://pbs.twimg.com/profile_images/457048917528424449/c9tKO7tf_normal.jpeg","https://pbs.twimg.com/profile_banners/2360699940/1397803937","1","https://pbs.twimg.com/profile_background_images/457049044116717568/ktB77Bhl.jpeg","333333","https://pbs.twimg.com/profile_images/457048917528424449/c9tKO7tf_normal.jpeg","FFFFFF",,"DDEEF6","http://pbs.twimg.com/profile_background_images/457049044116717568/ktB77Bhl.jpeg","FFFFFF","7E0306","-36000",,,,,,"NOTE TO WINNERS: A unique invitation code is necessary 2 enter our exclusive contest. Click the link below:",,,"Tue Feb 25 07:46:26 +0000 2014","2014-02-25 08:46:26","2014-05-05 21:59:19","2016-03-14 15:46:04"
"2351232252","Prize Crazy","PrizeFun76878","726","90","89","0","2","http://t.co/ZztJVAQpPV","en-gb","Hawaii",,,,,"http://pbs.twimg.com/profile_images/457372035560140800/2VEVXiu5_normal.jpeg","https://pbs.twimg.com/profile_banners/2351232252/1397880970","1","https://pbs.twimg.com/profile_background_images/457372153831116801/cijus88T.jpeg","333333","https://pbs.twimg.com/profile_images/457372035560140800/2VEVXiu5_normal.jpeg","FFFFFF",,"DDEEF6","http://pbs.twimg.com/profile_background_images/457372153831116801/cijus88T.jpeg","FFFFFF","7E0306","-36000",,,,,,"NOTICE TO WINNERS: A unique invitation code is needed 2 enter our exclusive sweeps. Click the link below:",,,"Wed Feb 19 06:26:35 +0000 2014","2014-02-19 07:26:35","2014-05-05 21:59:19","2016-03-14 15:46:04"
"2363210202","Prize Lotto","TweetLotto59533","779","86","102","0","2","http://t.co/sdtHDzeHCP","en-gb","Hawaii",,,,,"http://pbs.twimg.com/profile_images/457046445032349696/mvLr0rbg_normal.jpeg","https://pbs.twimg.com/profile_banners/2363210202/1397803352","1","https://pbs.twimg.com/profile_background_images/457046566008651778/68WX6bUf.jpeg","333333","https://pbs.twimg.com/profile_images/457046445032349696/mvLr0rbg_normal.jpeg","FFFFFF",,"DDEEF6","http://pbs.twimg.com/profile_background_images/457046566008651778/68WX6bUf.jpeg","FFFFFF","7E0306","-36000",,,,,,"NOTICE TO WINNERS: A unique invite code is necessary 2 enter our private sweepstakes. Click the link below:",,,"Wed Feb 26 21:29:57 +0000 2014","2014-02-26 22:29:57","2014-05-05 21:59:19","2016-03-14 15:46:05"
"2369438221","Prize Crazy","TweetWin66636","741","88","104","0","2","http://t.co/IWORP6bi1N","en-gb","Hawaii",,,,,"http://pbs.twimg.com/profile_images/457047744629067776/RpqoL49B_normal.jpeg","https://pbs.twimg.com/profile_banners/2369438221/1397803653","1","https://pbs.twimg.com/profile_background_images/457047830826201089/Dn2mOZTD.jpeg","333333","https://pbs.twimg.com/profile_images/457047744629067776/RpqoL49B_normal.jpeg","FFFFFF",,"DDEEF6","http://pbs.twimg.com/profile_background_images/457047830826201089/Dn2mOZTD.jpeg","FFFFFF","7E0306","-36000",,,,,,"NOTICE TO WINNERS: A unique prize code is needed to enter our private sweepstakes. Click the link below:",,,"Sun Mar 02 21:53:06 +0000 2014","2014-03-02 22:53:06","2014-05-05 21:59:19","2016-03-14 15:46:05"
"2369532908","Prize Boat","TweetPrize54909","818","89","94","0","0","http://t.co/8xrELKY9Ni","en-gb","Hawaii",,,,,"http://pbs.twimg.com/profile_images/457048243071750145/hEMGo-D7_normal.jpeg","https://pbs.twimg.com/profile_banners/2369532908/1397803770","1","https://pbs.twimg.com/profile_background_images/457048319995305984/qgFvJ5P0.jpeg","333333","https://pbs.twimg.com/profile_images/457048243071750145/hEMGo-D7_normal.jpeg","FFFFFF",,"DDEEF6","http://pbs.twimg.com/profile_background_images/457048319995305984/qgFvJ5P0.jpeg","FFFFFF","7E0306","-36000",,,,,,"NOTE TO WINNERS: A unique invite code is needed to enter our exclusive contest. Click the link below:",,,"Sun Mar 02 23:47:01 +0000 2014","2014-03-03 00:47:01","2014-05-05 21:59:19","2016-03-14 15:46:05"
"2359218307","Prize Lotto","PrizeFun27683","785","86","100","0","2","http://t.co/E1ScntOt0H","en-gb","Hawaii",,,,,"http://pbs.twimg.com/profile_images/457049525933191168/Ht2alPQV_normal.jpeg","https://pbs.twimg.com/profile_banners/2359218307/1397804076","1","https://pbs.twimg.com/profile_background_images/457049620556685312/XSWcAuQI.jpeg","333333","https://pbs.twimg.com/profile_images/457049525933191168/Ht2alPQV_normal.jpeg","FFFFFF",,"DDEEF6","http://pbs.twimg.com/profile_background_images/457049620556685312/XSWcAuQI.jpeg","FFFFFF","7E0306","-36000",,,,,,"NOTE TO WINNERS: A unique invite code is needed 2 enter our exclusive sweeps. Click the link below:",,,"Mon Feb 24 09:01:55 +0000 2014","2014-02-24 10:01:55","2014-05-05 21:59:19","2016-03-14 15:46:05"
"2366152255","Prize Tweets","TweetWin45830","790","88","97","0","3","http://t.co/xCHWzpP8kS","en-gb","Hawaii",,,,,"http://pbs.twimg.com/profile_images/457043094983045121/ZbJDuzif_normal.jpeg","https://pbs.twimg.com/profile_banners/2366152255/1397802546","1","https://pbs.twimg.com/profile_background_images/457043195000393728/tL_E5XN2.jpeg","333333","https://pbs.twimg.com/profile_images/457043094983045121/ZbJDuzif_normal.jpeg","FFFFFF",,"DDEEF6","http://pbs.twimg.com/profile_background_images/457043195000393728/tL_E5XN2.jpeg","FFFFFF","7E0306","-36000",,,,,,"NOTICE TO WINNERS: A unique invitation code is needed to enter our exclusive contest. Click the link below:",,,"Fri Feb 28 22:04:36 +0000 2014","2014-02-28 23:04:36","2014-05-05 21:59:19","2016-03-14 15:46:06"
"2369400278","Prize Lotto","TweetLotto15056","786","85","92","0","3","http://t.co/f8Kspb7YVv","en-gb","Hawaii",,,,,"http://pbs.twimg.com/profile_images/457047663838388224/g7oexR_m_normal.jpeg","https://pbs.twimg.com/profile_banners/2369400278/1397803633","1","https://pbs.twimg.com/profile_background_images/457047746256445440/wb5-xa7k.jpeg","333333","https://pbs.twimg.com/profile_images/457047663838388224/g7oexR_m_normal.jpeg","FFFFFF",,"DDEEF6","http://pbs.twimg.com/profile_background_images/457047746256445440/wb5-xa7k.jpeg","FFFFFF","7E0306","-36000",,,,,,"NOTE TO WINNERS: A unique invite code is needed 2 enter our exclusive contest. Click the link below:",,,"Sun Mar 02 21:19:05 +0000 2014","2014-03-02 22:19:05","2014-05-05 21:59:19","2016-03-14 15:46:06"
"2331184560","Prize Spectacular","Prizetopia24116","829","54","34","0","2","http://t.co/hv3ONV5Cvh","en-gb","Hawaii",,,,,"http://pbs.twimg.com/profile_images/456528511033831424/Msa9R0k2_normal.jpeg","https://pbs.twimg.com/profile_banners/2331184560/1397679856","1","https://pbs.twimg.com/profile_background_images/456528614670888963/EgPmLqfS.jpeg","333333","https://pbs.twimg.com/profile_images/456528511033831424/Msa9R0k2_normal.jpeg","FFFFFF",,"DDEEF6","http://pbs.twimg.com/profile_background_images/456528614670888963/EgPmLqfS.jpeg","FFFFFF","7E0306","-36000",,,,,,"NOTICE TO WINNERS: A unique invitation code is needed 2 enter our exclusive contest. Click the link below:",,,"Fri Feb 07 02:52:42 +0000 2014","2014-02-07 03:52:42","2014-05-05 21:59:19","2016-03-14 15:46:06"
"2343126709","Prize Giveaways","TweetWin49479","428","90","88","0","3","http://t.co/GsFBmEGm0c","en-gb","Hawaii",,,,,"http://pbs.twimg.com/profile_images/459923762532462592/LCC_8IXX_normal.jpeg","https://pbs.twimg.com/profile_banners/2343126709/1398489347","1","https://pbs.twimg.com/profile_background_images/459923827783249920/HSzG2WGN.jpeg","333333","https://pbs.twimg.com/profile_images/459923762532462592/LCC_8IXX_normal.jpeg","FFFFFF",,"DDEEF6","http://pbs.twimg.com/profile_background_images/459923827783249920/HSzG2WGN.jpeg","FFFFFF","7E0306","-36000",,,,,,"NOTE TO WINNERS: A unique invite code is necessary to enter our private sweeps. Click the link below:",,,"Fri Feb 14 05:46:18 +0000 2014","2014-02-14 06:46:18","2014-05-05 21:59:19","2016-03-14 15:46:06"
"2343093727","Prize Lotto","PrizeCrazy14883","399","87","74","0","2","http://t.co/CF0tmHKIHk","en-gb","Hawaii",,,,,"http://pbs.twimg.com/profile_images/459923244435247104/KS1dlPuN_normal.jpeg","https://pbs.twimg.com/profile_banners/2343093727/1398489226","1","https://pbs.twimg.com/profile_background_images/459923333606170624/QhHAqwsu.jpeg","333333","https://pbs.twimg.com/profile_images/459923244435247104/KS1dlPuN_normal.jpeg","FFFFFF",,"DDEEF6","http://pbs.twimg.com/profile_background_images/459923333606170624/QhHAqwsu.jpeg","FFFFFF","7E0306","-36000",,,,,,"NOTE TO WINNERS: A unique prize code is necessary to enter our private sweeps. Click the link below:",,,"Fri Feb 14 05:13:42 +0000 2014","2014-02-14 06:13:42","2014-05-05 21:59:19","2016-03-14 15:46:07"
"2342592962","Prize Boat","PrizeCrazy69589","825","23","40","0","2","http://t.co/bJI2fEMAB2","en","Hawaii",,,,,"http://pbs.twimg.com/profile_images/456656740147142656/RSsBzo9c_normal.jpeg","https://pbs.twimg.com/profile_banners/2342592962/1397710430","1","https://pbs.twimg.com/profile_background_images/456656775878418435/ATata6AL.jpeg","333333","https://pbs.twimg.com/profile_images/456656740147142656/RSsBzo9c_normal.jpeg","FFFFFF",,"DDEEF6","http://pbs.twimg.com/profile_background_images/456656775878418435/ATata6AL.jpeg","FFFFFF","7E0306","-36000",,,,,,"NOTICE TO WINNERS: A unique invite code is necessary 2 enter our exclusive sweepstakes. Click the link below:",,,"Thu Feb 13 21:19:30 +0000 2014","2014-02-13 22:19:30","2014-05-05 21:59:19","2016-03-14 15:46:07"
"2366647308","Prize Boat","TweetWin47308","792","92","95","0","3","http://t.co/G0JYuePUyu","en-gb","Hawaii",,,,,"http://pbs.twimg.com/profile_images/457043156966461440/OBx3g23e_normal.jpeg","https://pbs.twimg.com/profile_banners/2366647308/1397802561","1","https://pbs.twimg.com/profile_background_images/457043275468140544/qEMkaTDA.jpeg","333333","https://pbs.twimg.com/profile_images/457043156966461440/OBx3g23e_normal.jpeg","FFFFFF",,"DDEEF6","http://pbs.twimg.com/profile_background_images/457043275468140544/qEMkaTDA.jpeg","FFFFFF","7E0306","-36000",,,,,,"NOTE TO WINNERS: A unique invitation code is needed to enter our private sweeps. Click the link below:",,,"Sat Mar 01 06:42:37 +0000 2014","2014-03-01 07:42:37","2014-05-05 21:59:19","2016-03-14 15:46:07"
"2335084363","Prize Spectacular","Prizetopia14175","849","27","43","0","3","http://t.co/f8Kspb7YVv","en","Hawaii",,,,,"http://pbs.twimg.com/profile_images/456658719426609152/rnAOBgvW_normal.jpeg","https://pbs.twimg.com/profile_banners/2335084363/1397710900","1","https://pbs.twimg.com/profile_background_images/456658783876296705/zTmaYn25.jpeg","333333","https://pbs.twimg.com/profile_images/456658719426609152/rnAOBgvW_normal.jpeg","FFFFFF",,"DDEEF6","http://pbs.twimg.com/profile_background_images/456658783876296705/zTmaYn25.jpeg","FFFFFF","7E0306","-36000",,,,,,"NOTE TO WINNERS: A unique invitation code is needed to enter our exclusive sweepstakes. Click the link below:",,,"Sun Feb 09 12:58:22 +0000 2014","2014-02-09 13:58:22","2014-05-05 21:59:19","2016-03-14 15:46:08"
"2343944149","Prize Crazy","TweetPrize07162","803","26","26","0","2","http://t.co/cjRoqcMq7B","en","Hawaii",,,,,"http://pbs.twimg.com/profile_images/457041470319362048/1P4ruXue_normal.jpeg","https://pbs.twimg.com/profile_banners/2343944149/1397802155","1","https://pbs.twimg.com/profile_background_images/457041495002849280/HZiRejPj.jpeg","333333","https://pbs.twimg.com/profile_images/457041470319362048/1P4ruXue_normal.jpeg","FFFFFF",,"DDEEF6","http://pbs.twimg.com/profile_background_images/457041495002849280/HZiRejPj.jpeg","FFFFFF","7E0306","-36000",,,,,,"NOTICE TO WINNERS: A unique invitation code is needed to enter our exclusive contest. Click the link below:",,,"Fri Feb 14 18:14:50 +0000 2014","2014-02-14 19:14:50","2014-05-05 21:59:19","2016-03-14 15:46:08"
"2343360962","Prize Spectacular","TweetWin16846","788","24","43","0","5","http://t.co/2y6xjsWDUA","en","Hawaii",,,,,"http://pbs.twimg.com/profile_images/456656467852918784/r7BfOq4E_normal.jpeg","https://pbs.twimg.com/profile_banners/2343360962/1397710366","1","https://pbs.twimg.com/profile_background_images/456656503382884353/hMKcmJp9.jpeg","333333","https://pbs.twimg.com/profile_images/456656467852918784/r7BfOq4E_normal.jpeg","FFFFFF",,"DDEEF6","http://pbs.twimg.com/profile_background_images/456656503382884353/hMKcmJp9.jpeg","FFFFFF","7E0306","-36000",,,,,,"NOTE TO WINNERS: A unique invitation code is necessary 2 enter our private contest. Click the link below:",,,"Fri Feb 14 09:51:29 +0000 2014","2014-02-14 10:51:29","2014-05-05 21:59:19","2016-03-14 15:46:08"
"2336035826","Prize Spectacular","PrizeCrazy14462","786","20","28","0","1","http://t.co/a6oUR0rhcP","en","Hawaii",,,,,"http://pbs.twimg.com/profile_images/457040914657976320/Q9r-nfeD_normal.jpeg","https://pbs.twimg.com/profile_banners/2336035826/1397802022","1","https://pbs.twimg.com/profile_background_images/457040941296021504/cQdfbo0B.jpeg","333333","https://pbs.twimg.com/profile_images/457040914657976320/Q9r-nfeD_normal.jpeg","FFFFFF",,"DDEEF6","http://pbs.twimg.com/profile_background_images/457040941296021504/cQdfbo0B.jpeg","FFFFFF","7E0306","-36000",,,,,,"NOTE TO WINNERS: A unique invitation code is needed to enter our exclusive sweeps. Click the link below:",,,"Mon Feb 10 03:42:38 +0000 2014","2014-02-10 04:42:38","2014-05-05 21:59:19","2016-03-14 15:46:08"
"2333069048","Prize Rocket","PrizeCrazy95797","860","66","53","0","0","http://t.co/W5QXrAgArb","en-gb","Hawaii",,,,,"http://pbs.twimg.com/profile_images/456651681124462592/7ndBSuj3_normal.jpeg","https://pbs.twimg.com/profile_banners/2333069048/1397709223","1","https://pbs.twimg.com/profile_background_images/456651761567010817/N18vunPu.jpeg","333333","https://pbs.twimg.com/profile_images/456651681124462592/7ndBSuj3_normal.jpeg","FFFFFF",,"DDEEF6","http://pbs.twimg.com/profile_background_images/456651761567010817/N18vunPu.jpeg","FFFFFF","7E0306","-36000",,,,,,"NOTICE TO WINNERS: A unique invitation code is necessary to enter our exclusive sweeps. Click the link below:",,,"Sat Feb 08 07:46:53 +0000 2014","2014-02-08 08:46:53","2014-05-05 21:59:19","2016-03-14 15:46:08"
"2342962345","Prize Giveaways","PrizeCrazy59039","808","23","43","0","1","http://t.co/35Tisi6n5X","en","Hawaii",,,,,"http://pbs.twimg.com/profile_images/457039716039143424/95CKo58__normal.jpeg","https://pbs.twimg.com/profile_banners/2342962345/1397801739","1","https://pbs.twimg.com/profile_background_images/457039769625571328/ijHClN3o.jpeg","333333","https://pbs.twimg.com/profile_images/457039716039143424/95CKo58__normal.jpeg","FFFFFF",,"DDEEF6","http://pbs.twimg.com/profile_background_images/457039769625571328/ijHClN3o.jpeg","FFFFFF","7E0306","-36000",,,,,,"NOTE TO WINNERS: A unique invite code is necessary to enter our private sweeps. Click the link below:",,,"Fri Feb 14 02:50:32 +0000 2014","2014-02-14 03:50:32","2014-05-05 21:59:19","2016-03-14 15:46:09"
"2342534203","Prize Boat","TweetWin67362","839","22","28","0","3","http://t.co/MOEGSEcaNs","en","Hawaii",,,,,"http://pbs.twimg.com/profile_images/456655456270704642/ZllITB4C_normal.jpeg","https://pbs.twimg.com/profile_banners/2342534203/1397710123","1","https://pbs.twimg.com/profile_background_images/456655495239958528/qXH_Madi.jpeg","333333","https://pbs.twimg.com/profile_images/456655456270704642/ZllITB4C_normal.jpeg","FFFFFF",,"DDEEF6","http://pbs.twimg.com/profile_background_images/456655495239958528/qXH_Madi.jpeg","FFFFFF","7E0306","-36000",,,,,,"NOTE TO WINNERS: A unique invite code is necessary 2 enter our exclusive sweeps. Click the link below:",,,"Thu Feb 13 20:17:20 +0000 2014","2014-02-13 21:17:20","2014-05-05 21:59:19","2016-03-14 15:46:09"
"2339859524","Prize Lotto","PrizeCrazy15708","790","24","27","0","2","http://t.co/CF0tmHKIHk","en","Hawaii",,,,,"http://pbs.twimg.com/profile_images/457039613672960000/Ql6Kd2PX_normal.jpeg","https://pbs.twimg.com/profile_banners/2339859524/1397801720","1","https://pbs.twimg.com/profile_background_images/457039691762511872/pgpsDpk8.jpeg","333333","https://pbs.twimg.com/profile_images/457039613672960000/Ql6Kd2PX_normal.jpeg","FFFFFF",,"DDEEF6","http://pbs.twimg.com/profile_background_images/457039691762511872/pgpsDpk8.jpeg","FFFFFF","7E0306","-36000",,,,,,"NOTICE TO WINNERS: A unique prize code is needed 2 enter our private contest. Click the link below:",,,"Wed Feb 12 06:28:30 +0000 2014","2014-02-12 07:28:30","2014-05-05 21:59:19","2016-03-14 15:46:09"
"2355977858","Prize Lotto","PrizeFun84736","733","92","85","0","2","http://t.co/G0JYuePUyu","en-gb","Hawaii",,,,,"http://pbs.twimg.com/profile_images/457368607182163969/uAw0SyfR_normal.jpeg","https://pbs.twimg.com/profile_banners/2355977858/1397880151","1","https://pbs.twimg.com/profile_background_images/457368647963381761/GT7ibqOX.jpeg","333333","https://pbs.twimg.com/profile_images/457368607182163969/uAw0SyfR_normal.jpeg","FFFFFF",,"DDEEF6","http://pbs.twimg.com/profile_background_images/457368647963381761/GT7ibqOX.jpeg","FFFFFF","7E0306","-36000",,,,,,"NOTE TO WINNERS: A unique invite code is needed to enter our exclusive sweepstakes. Click the link below:",,,"Sat Feb 22 07:45:11 +0000 2014","2014-02-22 08:45:11","2014-05-05 21:59:19","2016-03-14 15:46:09"
"2330513359","Prize World","PrizeCrazy65707","860","61","36","0","3","http://t.co/mUjVvFZbRT","en-gb","Hawaii",,,,,"http://pbs.twimg.com/profile_images/456525845566193664/6GsV3QMr_normal.jpeg","https://pbs.twimg.com/profile_banners/2330513359/1397679220","1","https://pbs.twimg.com/profile_background_images/456527045749522432/9sHCepBO.jpeg","333333","https://pbs.twimg.com/profile_images/456525845566193664/6GsV3QMr_normal.jpeg","FFFFFF",,"EADEAA","http://pbs.twimg.com/profile_background_images/456527045749522432/9sHCepBO.jpeg","FFFFFF","7E0306","-36000",,,,,,"NOTE TO WINNERS: A unique invitation code is necessary 2 enter our exclusive sweeps. Click the link below:",,,"Thu Feb 06 16:07:13 +0000 2014","2014-02-06 17:07:13","2014-05-05 21:59:19","2016-03-14 15:46:10"
"2344345724","Prize Boat","PrizeFun06659","809","29","40","0","2","http://t.co/ZkQqIMZwBY","en","Hawaii",,,,,"http://pbs.twimg.com/profile_images/456657700462415872/0bAlMK3q_normal.jpeg","https://pbs.twimg.com/profile_banners/2344345724/1397710657","1","https://pbs.twimg.com/profile_background_images/456657723220688898/RLU1N09w.jpeg","333333","https://pbs.twimg.com/profile_images/456657700462415872/0bAlMK3q_normal.jpeg","FFFFFF",,"DDEEF6","http://pbs.twimg.com/profile_background_images/456657723220688898/RLU1N09w.jpeg","FFFFFF","7E0306","-36000",,,,,,"NOTICE TO WINNERS: A unique invitation code is necessary to enter our private contest. Click the link below:",,,"Sat Feb 15 01:11:27 +0000 2014","2014-02-15 02:11:27","2014-05-05 21:59:19","2016-03-14 15:46:10"
"2370172489","Prize Boat","TweetLotto83291","770","93","98","0","1","http://t.co/8xrELKY9Ni","en-gb","Hawaii",,,,,"http://pbs.twimg.com/profile_images/457046914664366080/Je0A498L_normal.jpeg","https://pbs.twimg.com/profile_banners/2370172489/1397803453","1","https://pbs.twimg.com/profile_background_images/457046987968245760/LWnED3Vg.jpeg","333333","https://pbs.twimg.com/profile_images/457046914664366080/Je0A498L_normal.jpeg","FFFFFF",,"DDEEF6","http://pbs.twimg.com/profile_background_images/457046987968245760/LWnED3Vg.jpeg","FFFFFF","7E0306","-36000",,,,,,"NOTICE TO WINNERS: A unique invite code is needed to enter our private sweepstakes. Click the link below:",,,"Mon Mar 03 09:48:10 +0000 2014","2014-03-03 10:48:10","2014-05-05 21:59:19","2016-03-14 15:46:10"
"2333067764","Prize Tweets","TweetWin30637","792","72","41","0","2","http://t.co/a6oUR0rhcP","en-gb","Hawaii",,,,,"http://pbs.twimg.com/profile_images/456651551000375298/7j2eNUkm_normal.jpeg","https://pbs.twimg.com/profile_banners/2333067764/1397709194","1","https://pbs.twimg.com/profile_background_images/456651662057172992/8Zh2lRe8.jpeg","333333","https://pbs.twimg.com/profile_images/456651551000375298/7j2eNUkm_normal.jpeg","FFFFFF",,"DDEEF6","http://pbs.twimg.com/profile_background_images/456651662057172992/8Zh2lRe8.jpeg","FFFFFF","7E0306","-36000",,,,,,"NOTICE TO WINNERS: A unique prize code is needed 2 enter our private contest. Click the link below:",,,"Sat Feb 08 07:44:42 +0000 2014","2014-02-08 08:44:42","2014-05-05 21:59:19","2016-03-14 15:46:10"
"2343494232","Prize Tweets","PrizeFun23259","793","23","32","0","4","http://t.co/inKBokIppN","en","Hawaii",,,"1",,"http://abs.twimg.com/sticky/default_profile_images/default_profile_2_normal.png","https://pbs.twimg.com/profile_banners/2343494232/1397710149","1","https://pbs.twimg.com/profile_background_images/456655591172091904/mqz_Sk0P.jpeg","333333","https://abs.twimg.com/sticky/default_profile_images/default_profile_2_normal.png","FFFFFF",,"DDEEF6","http://pbs.twimg.com/profile_background_images/456655591172091904/mqz_Sk0P.jpeg","FFFFFF","7E0306","-36000",,,,,,"NOTICE TO WINNERS: A unique invitation code is necessary to enter our private contest. Click the link below:",,,"Fri Feb 14 12:13:50 +0000 2014","2014-02-14 13:13:50","2014-05-05 21:59:19","2016-03-14 15:46:11"
"2335580659","Prize Tweets","PrizeCrazy99942","778","23","39","0","3","http://t.co/CF0tmHKIHk","en","Hawaii",,,,,"http://pbs.twimg.com/profile_images/457039966313279488/ue3OHdkU_normal.jpeg","https://pbs.twimg.com/profile_banners/2335580659/1397801801","1","https://pbs.twimg.com/profile_background_images/457040061955969024/TqMOslww.jpeg","333333","https://pbs.twimg.com/profile_images/457039966313279488/ue3OHdkU_normal.jpeg","FFFFFF",,"DDEEF6","http://pbs.twimg.com/profile_background_images/457040061955969024/TqMOslww.jpeg","FFFFFF","7E0306","-36000",,,,,,"NOTE TO WINNERS: A unique invitation code is needed 2 enter our private sweeps. Click the link below:",,,"Sun Feb 09 19:38:48 +0000 2014","2014-02-09 20:38:48","2014-05-05 21:59:19","2016-03-14 15:46:11"
"2343251887","Prize Spectacular","PrizeCrazy66044","808","26","23","0","1","http://t.co/DdT4J70sGw","en","Hawaii",,,,,"http://pbs.twimg.com/profile_images/456654933563932673/mfdTqDFt_normal.jpeg","https://pbs.twimg.com/profile_banners/2343251887/1397709998","1","https://pbs.twimg.com/profile_background_images/456654957660221441/DpWp2gYF.jpeg","333333","https://pbs.twimg.com/profile_images/456654933563932673/mfdTqDFt_normal.jpeg","FFFFFF",,"DDEEF6","http://pbs.twimg.com/profile_background_images/456654957660221441/DpWp2gYF.jpeg","FFFFFF","7E0306","-36000",,,,,,"NOTE TO WINNERS: A unique invite code is needed to enter our private sweeps. Click the link below:",,,"Fri Feb 14 07:51:21 +0000 2014","2014-02-14 08:51:21","2014-05-05 21:59:19","2016-03-14 15:46:11"
"2352799446","Prize Tweets","TweetPrize24862","723","78","81","0","3","http://t.co/TCnGcCDa8D","en-gb","Hawaii",,,,,"http://pbs.twimg.com/profile_images/457374201943318528/1SHrTeQY_normal.jpeg","https://pbs.twimg.com/profile_banners/2352799446/1397881486","1","https://pbs.twimg.com/profile_background_images/457374323892703233/PBwtMgGS.jpeg","333333","https://pbs.twimg.com/profile_images/457374201943318528/1SHrTeQY_normal.jpeg","FFFFFF",,"DDEEF6","http://pbs.twimg.com/profile_background_images/457374323892703233/PBwtMgGS.jpeg","FFFFFF","7E0306","-36000",,,,,,"NOTE TO WINNERS: A unique invite code is needed 2 enter our private contest. Click the link below:",,,"Thu Feb 20 06:09:01 +0000 2014","2014-02-20 07:09:01","2014-05-05 21:59:19","2016-03-14 15:46:11"
"2340498128","Prize Lotto","TweetPrize00928","841","23","39","0","3","http://t.co/TCnGcCDa8D","en","Hawaii",,,,,"http://pbs.twimg.com/profile_images/456655928167641088/stBpS_Ba_normal.jpeg","https://pbs.twimg.com/profile_banners/2340498128/1397710235","1","https://pbs.twimg.com/profile_background_images/456655956735049729/9wEccjst.jpeg","333333","https://pbs.twimg.com/profile_images/456655928167641088/stBpS_Ba_normal.jpeg","FFFFFF",,"DDEEF6","http://pbs.twimg.com/profile_background_images/456655956735049729/9wEccjst.jpeg","FFFFFF","7E0306","-36000",,,,,,"NOTE TO WINNERS: A unique invite code is needed 2 enter our exclusive sweepstakes. Click the link below:",,,"Wed Feb 12 15:16:55 +0000 2014","2014-02-12 16:16:55","2014-05-05 21:59:19","2016-03-14 15:46:12"
"2347974523","Prize Lotto","TweetWin05184","636","92","87","0","0","http://t.co/EMGjnwW2oX","en-gb","Hawaii",,,,,"http://pbs.twimg.com/profile_images/458463750358437888/NMOxJHO6_normal.jpeg","https://pbs.twimg.com/profile_banners/2347974523/1398141256","1","https://pbs.twimg.com/profile_background_images/458463845372014592/qiDWj7T7.jpeg","333333","https://pbs.twimg.com/profile_images/458463750358437888/NMOxJHO6_normal.jpeg","FFFFFF",,"DDEEF6","http://pbs.twimg.com/profile_background_images/458463845372014592/qiDWj7T7.jpeg","FFFFFF","7E0306","-36000",,,,,,"NOTICE TO WINNERS: A unique prize code is necessary 2 enter our private contest. Click the link below:",,,"Mon Feb 17 05:36:27 +0000 2014","2014-02-17 06:36:27","2014-05-05 21:59:19","2016-03-14 15:46:12"
"2338157329","Prize Rocket","Prizetopia03388","814","31","37","0","3","http://t.co/W5QXrAgArb","en","Hawaii",,,,,"http://pbs.twimg.com/profile_images/456654962294915072/rkkqbGlr_normal.jpeg","https://pbs.twimg.com/profile_banners/2338157329/1397710007","1","https://pbs.twimg.com/profile_background_images/456654998617587712/PpgzGm6M.jpeg","333333","https://pbs.twimg.com/profile_images/456654962294915072/rkkqbGlr_normal.jpeg","FFFFFF",,"DDEEF6","http://pbs.twimg.com/profile_background_images/456654998617587712/PpgzGm6M.jpeg","FFFFFF","7E0306","-36000",,,,,,"NOTE TO WINNERS: A unique invitation code is needed to enter our private contest. Click the link below:",,,"Tue Feb 11 10:34:15 +0000 2014","2014-02-11 11:34:15","2014-05-05 21:59:19","2016-03-14 15:46:12"
"2355454008","Prize Giveaways","PrizeFun11210","706","90","77","0","2","http://t.co/1KWn3j6rd4","en-gb","Hawaii",,,,,"http://pbs.twimg.com/profile_images/457374763564818432/Fw2LRWyw_normal.jpeg","https://pbs.twimg.com/profile_banners/2355454008/1397881619","1","https://pbs.twimg.com/profile_background_images/457374812852064256/aVwxE5kC.jpeg","333333","https://pbs.twimg.com/profile_images/457374763564818432/Fw2LRWyw_normal.jpeg","FFFFFF",,"DDEEF6","http://pbs.twimg.com/profile_background_images/457374812852064256/aVwxE5kC.jpeg","FFFFFF","7E0306","-36000",,,,,,"NOTE TO WINNERS: A unique invite code is necessary to enter our exclusive sweeps. Click the link below:",,,"Fri Feb 21 23:19:07 +0000 2014","2014-02-22 00:19:07","2014-05-05 21:59:19","2016-03-14 15:46:12"
"2337010176","Prize World","TweetLotto23972","779","18","36","0","3","http://t.co/TOLGfuyL2e","en","Hawaii",,,,,"http://pbs.twimg.com/profile_images/456654828165267457/37WqRgdr_normal.jpeg","https://pbs.twimg.com/profile_banners/2337010176/1397709972","1","https://pbs.twimg.com/profile_background_images/456654850877444097/zjkeANt6.jpeg","333333","https://pbs.twimg.com/profile_images/456654828165267457/37WqRgdr_normal.jpeg","FFFFFF",,"DDEEF6","http://pbs.twimg.com/profile_background_images/456654850877444097/zjkeANt6.jpeg","FFFFFF","7E0306","-36000",,,,,,"NOTICE TO WINNERS: A unique invitation code is necessary to enter our private sweepstakes. Click the link below:",,,"Mon Feb 10 17:20:42 +0000 2014","2014-02-10 18:20:42","2014-05-05 21:59:19","2016-03-14 15:46:13"
"2370142507","Prize World","PrizeFun97883","719","88","113","0","2","http://t.co/UvFOHWkgWR","en-gb","Hawaii",,,,,"http://pbs.twimg.com/profile_images/457047299865067520/Gs2iHb9L_normal.jpeg","https://pbs.twimg.com/profile_banners/2370142507/1397803568","1","https://pbs.twimg.com/profile_background_images/457047852393324544/RbRnm44P.jpeg","333333","https://pbs.twimg.com/profile_images/457047299865067520/Gs2iHb9L_normal.jpeg","FFFFFF",,"DDEEF6","http://pbs.twimg.com/profile_background_images/457047852393324544/RbRnm44P.jpeg","FFFFFF","7E0306","-36000",,,,,,"NOTE TO WINNERS: A unique prize code is needed 2 enter our private sweeps. Click the link below:",,,"Mon Mar 03 09:19:51 +0000 2014","2014-03-03 10:19:51","2014-05-05 21:59:19","2016-03-14 15:46:13"
"241915215","Best Quotes for you","Hot__Quotes","4128","489","157","1","16","https://t.co/tIFXQW1OuV","en-gb","Quito","New York",,,,"http://pbs.twimg.com/profile_images/461708494190546944/GqU8p_qb_normal.png","https://pbs.twimg.com/profile_banners/241915215/1398915133","1","https://abs.twimg.com/images/themes/theme14/bg.gif","333333","https://pbs.twimg.com/profile_images/461708494190546944/GqU8p_qb_normal.png","EEEEEE","1","EFEFEF","http://abs.twimg.com/images/themes/theme14/bg.gif","131516","009999","-18000",,,,,,"Greatest quotes, motivate and inspire you.",,,"Sun Jan 23 13:18:48 +0000 2011","2011-01-23 14:18:48","2014-05-05 21:59:19","2016-03-14 15:44:24"
"2358623810","Prize Lotto","PrizeFun56963","739","93","91","0","2","http://t.co/AocPuLXiwP","en-gb","Hawaii",,,,,"http://pbs.twimg.com/profile_images/457051730467758080/CyLIooJG_normal.jpeg","https://pbs.twimg.com/profile_banners/2358623810/1397804600","1","https://pbs.twimg.com/profile_background_images/457051805893926912/4eHobaVu.jpeg","333333","https://pbs.twimg.com/profile_images/457051730467758080/CyLIooJG_normal.jpeg","FFFFFF",,"DDEEF6","http://pbs.twimg.com/profile_background_images/457051805893926912/4eHobaVu.jpeg","FFFFFF","7E0306","-36000",,,,,,"NOTE TO WINNERS: A unique invitation code is necessary to enter our private sweeps. Click the link below:",,,"Sun Feb 23 23:11:16 +0000 2014","2014-02-24 00:11:16","2014-05-05 21:59:19","2016-03-14 15:48:23"
"2359223142","Prize Tweets","Prizetopia90893","762","93","93","0","1","http://t.co/iyXk71xfw9","en-gb","Hawaii",,,,,"http://pbs.twimg.com/profile_images/457049683852935168/WBWjb4_8_normal.jpeg","https://pbs.twimg.com/profile_banners/2359223142/1397804113","1","https://pbs.twimg.com/profile_background_images/457049753419657216/7jPEyQ7Z.jpeg","333333","https://pbs.twimg.com/profile_images/457049683852935168/WBWjb4_8_normal.jpeg","FFFFFF",,"DDEEF6","http://pbs.twimg.com/profile_background_images/457049753419657216/7jPEyQ7Z.jpeg","FFFFFF","7E0306","-36000",,,,,,"NOTICE TO WINNERS: A unique invitation code is needed 2 enter our exclusive sweeps. Click the link below:",,,"Mon Feb 24 09:16:23 +0000 2014","2014-02-24 10:16:23","2014-05-05 21:59:19","2016-03-14 15:48:23"
"2362356036","Prize Rocket","PrizeCrazy14913","193","88","80","0","1","http://t.co/NER40x3fHn","en-gb","Hawaii",,,,,"http://pbs.twimg.com/profile_images/461978289226006528/nPOFuxnf_normal.jpeg","https://pbs.twimg.com/profile_banners/2362356036/1398979189","1","https://pbs.twimg.com/profile_background_images/461978397304836096/Xb3TAQls.jpeg","333333","https://pbs.twimg.com/profile_images/461978289226006528/nPOFuxnf_normal.jpeg","FFFFFF",,"DDEEF6","http://pbs.twimg.com/profile_background_images/461978397304836096/Xb3TAQls.jpeg","FFFFFF","7E0306","-36000",,,,,,"NOTICE TO WINNERS: A unique invitation code is necessary 2 enter our exclusive contest. Click the link below:",,,"Wed Feb 26 08:25:29 +0000 2014","2014-02-26 09:25:29","2014-05-05 21:59:19","2016-03-14 15:48:23"
"2362402130","Prize Spectacular","TweetWin91008","172","86","81","0","0","http://t.co/SoLRwjFFJO","en-gb","Hawaii",,,,,"http://pbs.twimg.com/profile_images/461978473225912321/ksTNRrf4_normal.jpeg","https://pbs.twimg.com/profile_banners/2362402130/1398979231","1","https://pbs.twimg.com/profile_background_images/461978601592586240/E-9TtfWf.jpeg","333333","https://pbs.twimg.com/profile_images/461978473225912321/ksTNRrf4_normal.jpeg","FFFFFF",,"DDEEF6","http://pbs.twimg.com/profile_background_images/461978601592586240/E-9TtfWf.jpeg","FFFFFF","7E0306","-36000",,,,,,"NOTICE TO WINNERS: A unique prize code is needed to enter our private sweeps. Click the link below:",,,"Wed Feb 26 09:11:39 +0000 2014","2014-02-26 10:11:39","2014-05-05 21:59:19","2016-03-14 15:48:24"
"2360641896","Prize Boat","PrizeCrazy08546","763","86","99","0","1","http://t.co/a6oUR0rhcP","en-gb","Hawaii",,,,,"http://pbs.twimg.com/profile_images/457048552565256192/tuZtifkJ_normal.jpeg","https://pbs.twimg.com/profile_banners/2360641896/1397803843","1","https://pbs.twimg.com/profile_background_images/457048597406568448/6H968ukq.jpeg","333333","https://pbs.twimg.com/profile_images/457048552565256192/tuZtifkJ_normal.jpeg","FFFFFF",,"DDEEF6","http://pbs.twimg.com/profile_background_images/457048597406568448/6H968ukq.jpeg","FFFFFF","7E0306","-36000",,,,,,"NOTICE TO WINNERS: A unique invitation code is needed 2 enter our exclusive sweepstakes. Click the link below:",,,"Tue Feb 25 06:49:54 +0000 2014","2014-02-25 07:49:54","2014-05-05 21:59:19","2016-03-14 15:48:24"
"2360632124","Prize Boat","TweetLotto76468","737","89","104","0","3","http://t.co/cDkEThwBLV","en-gb","Hawaii",,,,,"http://pbs.twimg.com/profile_images/457048472940584960/MURXGlLn_normal.jpeg","https://pbs.twimg.com/profile_banners/2360632124/1397803826","1","https://pbs.twimg.com/profile_background_images/457048547020382208/tUbaKB9u.jpeg","333333","https://pbs.twimg.com/profile_images/457048472940584960/MURXGlLn_normal.jpeg","FFFFFF",,"DDEEF6","http://pbs.twimg.com/profile_background_images/457048547020382208/tUbaKB9u.jpeg","FFFFFF","7E0306","-36000",,,,,,"NOTICE TO WINNERS: A unique invite code is needed 2 enter our private contest. Click the link below:",,,"Tue Feb 25 06:37:44 +0000 2014","2014-02-25 07:37:44","2014-05-05 21:59:19","2016-03-14 15:48:24"
"2360620525","Prize Rocket","TweetPrize96226","764","79","92","0","3","http://t.co/UZpOCGQ6KR","en-gb","Hawaii",,,,,"http://pbs.twimg.com/profile_images/457048286591852544/Y_LaUQa1_normal.jpeg","https://pbs.twimg.com/profile_banners/2360620525/1397803781","1","https://pbs.twimg.com/profile_background_images/457048404728627200/MNFvaAEa.jpeg","333333","https://pbs.twimg.com/profile_images/457048286591852544/Y_LaUQa1_normal.jpeg","FFFFFF",,"DDEEF6","http://pbs.twimg.com/profile_background_images/457048404728627200/MNFvaAEa.jpeg","FFFFFF","7E0306","-36000",,,,,,"NOTICE TO WINNERS: A unique invite code is necessary 2 enter our private contest. Click the link below:",,,"Tue Feb 25 06:19:43 +0000 2014","2014-02-25 07:19:43","2014-05-05 21:59:19","2016-03-14 15:48:24"
"2363867346","Leola Klann","TweetPrize00176","750","81","93","0","2",,"en-gb","Hawaii",,,,,"http://pbs.twimg.com/profile_images/457045218299105280/Zmq6wRtS_normal.jpeg","https://pbs.twimg.com/profile_banners/2363867346/1397803049","1","https://pbs.twimg.com/profile_background_images/457045286301351936/6Qo-GdkQ.jpeg","333333","https://pbs.twimg.com/profile_images/457045218299105280/Zmq6wRtS_normal.jpeg","FFFFFF",,"DDEEF6","http://pbs.twimg.com/profile_background_images/457045286301351936/6Qo-GdkQ.jpeg","FFFFFF","7E0306","-36000",,,,,,,,,"Thu Feb 27 08:44:27 +0000 2014","2014-02-27 09:44:27","2014-05-05 21:59:19","2016-03-14 15:48:25"
"2347952977","Prize Giveaways","TweetWin86158","407","93","70","0","2","http://t.co/35Tisi6n5X","en-gb","Hawaii",,,,,"http://pbs.twimg.com/profile_images/459923119679881216/9Q7nH2jo_normal.jpeg","https://pbs.twimg.com/profile_banners/2347952977/1398489200","1","https://pbs.twimg.com/profile_background_images/459923295190532096/KZUbi0u2.jpeg","333333","https://pbs.twimg.com/profile_images/459923119679881216/9Q7nH2jo_normal.jpeg","FFFFFF",,"DDEEF6","http://pbs.twimg.com/profile_background_images/459923295190532096/KZUbi0u2.jpeg","FFFFFF","7E0306","-36000",,,,,,"NOTE TO WINNERS: A unique invitation code is necessary 2 enter our exclusive sweepstakes. Click the link below:",,,"Mon Feb 17 05:16:36 +0000 2014","2014-02-17 06:16:36","2014-05-05 21:59:19","2016-03-14 15:48:25"
"2340781375","Prize Tweets","TweetPrize88483","777","22","46","0","2","http://t.co/cDkEThwBLV","en","Hawaii",,,,,"http://pbs.twimg.com/profile_images/457040598357123072/tbb_Lz7n_normal.jpeg","https://pbs.twimg.com/profile_banners/2340781375/1397801951","1","https://pbs.twimg.com/profile_background_images/457040665705062400/o6r0qUk0.jpeg","333333","https://pbs.twimg.com/profile_images/457040598357123072/tbb_Lz7n_normal.jpeg","FFFFFF",,"DDEEF6","http://pbs.twimg.com/profile_background_images/457040665705062400/o6r0qUk0.jpeg","FFFFFF","7E0306","-36000",,,,,,"NOTICE TO WINNERS: A unique invitation code is needed to enter our private contest. Click the link below:",,,"Wed Feb 12 18:42:26 +0000 2014","2014-02-12 19:42:26","2014-05-05 21:59:19","2016-03-14 15:48:25"
"2344521162","Prize World","Prizetopia86254","806","20","41","0","1","http://t.co/0VixcFhZGE","en","Hawaii",,,,,"http://pbs.twimg.com/profile_images/457041727170179072/L4qxIqm0_normal.jpeg","https://pbs.twimg.com/profile_banners/2344521162/1397802218","1","https://pbs.twimg.com/profile_background_images/457041769918509056/2cL9CzSe.jpeg","333333","https://pbs.twimg.com/profile_images/457041727170179072/L4qxIqm0_normal.jpeg","FFFFFF",,"DDEEF6","http://pbs.twimg.com/profile_background_images/457041769918509056/2cL9CzSe.jpeg","FFFFFF","7E0306","-36000",,,,,,"NOTE TO WINNERS: A unique prize code is necessary 2 enter our exclusive contest. Click the link below:",,,"Sat Feb 15 04:10:47 +0000 2014","2014-02-15 05:10:47","2014-05-05 21:59:19","2016-03-14 15:48:25"
"2343089612","Prize Lotto","TweetLotto06863","428","91","82","0","3","http://t.co/CAH872sZhi","en-gb","Hawaii",,,,,"http://pbs.twimg.com/profile_images/459923418956046336/MVMtcGcP_normal.jpeg","https://pbs.twimg.com/profile_banners/2343089612/1398489265","1","https://pbs.twimg.com/profile_background_images/459923488292089856/TZ7TdNZs.jpeg","333333","https://pbs.twimg.com/profile_images/459923418956046336/MVMtcGcP_normal.jpeg","FFFFFF",,"DDEEF6","http://pbs.twimg.com/profile_background_images/459923488292089856/TZ7TdNZs.jpeg","FFFFFF","7E0306","-36000",,,,,,"NOTICE TO WINNERS: A unique invitation code is necessary 2 enter our private sweepstakes. Click the link below:",,,"Fri Feb 14 05:15:37 +0000 2014","2014-02-14 06:15:37","2014-05-05 21:59:19","2016-03-14 15:48:26"
"2343531132","Prize Spectacular","TweetPrize07148","812","24","41","0","2","http://t.co/R7kriTueiG","en","Hawaii",,,,,"http://pbs.twimg.com/profile_images/456658685675073536/QbxLRMXo_normal.jpeg","https://pbs.twimg.com/profile_banners/2343531132/1397710892","1","https://pbs.twimg.com/profile_background_images/456658702586478592/vx52Upt_.jpeg","333333","https://pbs.twimg.com/profile_images/456658685675073536/QbxLRMXo_normal.jpeg","FFFFFF",,"DDEEF6","http://pbs.twimg.com/profile_background_images/456658702586478592/vx52Upt_.jpeg","FFFFFF","7E0306","-36000",,,,,,"NOTE TO WINNERS: A unique invite code is needed to enter our private sweeps. Click the link below:",,,"Fri Feb 14 12:48:08 +0000 2014","2014-02-14 13:48:08","2014-05-05 21:59:19","2016-03-14 15:48:26"
"2338681550","Prize Rocket","TweetPrize54654","788","26","37","0","2","http://t.co/uXqyUlAnba","en","Hawaii",,,,,"http://pbs.twimg.com/profile_images/457041605216583680/Q3Y_sMco_normal.jpeg","https://pbs.twimg.com/profile_banners/2338681550/1397802188","1","https://pbs.twimg.com/profile_background_images/457041627878395905/dMRQmtiO.jpeg","333333","https://pbs.twimg.com/profile_images/457041605216583680/Q3Y_sMco_normal.jpeg","FFFFFF",,"DDEEF6","http://pbs.twimg.com/profile_background_images/457041627878395905/dMRQmtiO.jpeg","FFFFFF","7E0306","-36000",,,,,,"NOTE TO WINNERS: A unique invitation code is needed 2 enter our private sweeps. Click the link below:",,,"Tue Feb 11 16:59:09 +0000 2014","2014-02-11 17:59:09","2014-05-05 21:59:19","2016-03-14 15:48:26"
"2339509470","Prize Crazy","Prizetopia03273","796","20","36","0","2","http://t.co/MOEGSEcaNs","en","Hawaii",,,,,"http://pbs.twimg.com/profile_images/457040502500503552/79PM3hhX_normal.jpeg","https://pbs.twimg.com/profile_banners/2339509470/1397801926","1","https://pbs.twimg.com/profile_background_images/457040537783001089/yJ0qseBI.jpeg","333333","https://pbs.twimg.com/profile_images/457040502500503552/79PM3hhX_normal.jpeg","FFFFFF",,"DDEEF6","http://pbs.twimg.com/profile_background_images/457040537783001089/yJ0qseBI.jpeg","FFFFFF","7E0306","-36000",,,,,,"NOTICE TO WINNERS: A unique prize code is needed to enter our private sweepstakes. Click the link below:",,,"Wed Feb 12 01:01:56 +0000 2014","2014-02-12 02:01:56","2014-05-05 21:59:19","2016-03-14 15:48:26"
"2331200574","Prize Giveaways","PrizeFun87556","829","57","38","0","2","http://t.co/FS5DgTYC3d","en-gb","Hawaii",,,,,"http://pbs.twimg.com/profile_images/456528531946627073/XtwaGt8t_normal.jpeg","https://pbs.twimg.com/profile_banners/2331200574/1397679866","1","https://pbs.twimg.com/profile_background_images/456528687936966657/Vxf7t4T4.jpeg","333333","https://pbs.twimg.com/profile_images/456528531946627073/XtwaGt8t_normal.jpeg","FFFFFF",,"DDEEF6","http://pbs.twimg.com/profile_background_images/456528687936966657/Vxf7t4T4.jpeg","FFFFFF","7E0306","-36000",,,,,,"NOTICE TO WINNERS: A unique prize code is needed 2 enter our private sweeps. Click the link below:",,,"Fri Feb 07 03:08:53 +0000 2014","2014-02-07 04:08:53","2014-05-05 21:59:19","2016-03-14 15:48:27"
"2337985393","Prize Spectacular","Prizetopia45218","837","21","37","0","1","http://t.co/STZW31GnrT","en","Hawaii",,,,,"http://pbs.twimg.com/profile_images/456655904855699456/5xXYP9tD_normal.jpeg","https://pbs.twimg.com/profile_banners/2337985393/1397710229","1","https://pbs.twimg.com/profile_background_images/456655929446903808/bF9f3Lns.jpeg","333333","https://pbs.twimg.com/profile_images/456655904855699456/5xXYP9tD_normal.jpeg","FFFFFF",,"DDEEF6","http://pbs.twimg.com/profile_background_images/456655929446903808/bF9f3Lns.jpeg","FFFFFF","7E0306","-36000",,,,,,"NOTE TO WINNERS: A unique invitation code is necessary to enter our private sweepstakes. Click the link below:",,,"Tue Feb 11 08:06:57 +0000 2014","2014-02-11 09:06:57","2014-05-05 21:59:19","2016-03-14 15:48:27"
"2342666305","Prize Tweets","TweetWin74010","770","26","36","0","3","http://t.co/SoLRwjFFJO","en","Hawaii",,,,,"http://pbs.twimg.com/profile_images/456658937282961409/Q1xRRDMz_normal.jpeg","https://pbs.twimg.com/profile_banners/2342666305/1397710952","1","https://pbs.twimg.com/profile_background_images/456658959189823488/sOzY7JT5.jpeg","333333","https://pbs.twimg.com/profile_images/456658937282961409/Q1xRRDMz_normal.jpeg","FFFFFF",,"DDEEF6","http://pbs.twimg.com/profile_background_images/456658959189823488/sOzY7JT5.jpeg","FFFFFF","7E0306","-36000",,,,,,"NOTE TO WINNERS: A unique invite code is necessary to enter our exclusive contest. Click the link below:",,,"Thu Feb 13 22:29:54 +0000 2014","2014-02-13 23:29:54","2014-05-05 21:59:19","2016-03-14 15:48:27"
"2338755470","Prize Crazy","TweetLotto36372","806","23","35","0","0","http://t.co/eF4NFWDVQ1","en","Hawaii",,,,,"http://pbs.twimg.com/profile_images/456655624621666304/dXMnI18c_normal.jpeg","https://pbs.twimg.com/profile_banners/2338755470/1397710168","1","https://pbs.twimg.com/profile_background_images/456655684243714048/bETnlLg0.jpeg","333333","https://pbs.twimg.com/profile_images/456655624621666304/dXMnI18c_normal.jpeg","FFFFFF",,"DDEEF6","http://pbs.twimg.com/profile_background_images/456655684243714048/bETnlLg0.jpeg","FFFFFF","7E0306","-36000",,,,,,"NOTE TO WINNERS: A unique prize code is needed 2 enter our private sweepstakes. Click the link below:",,,"Tue Feb 11 17:59:45 +0000 2014","2014-02-11 18:59:45","2014-05-05 21:59:19","2016-03-14 15:48:27"
"2335668366","Prize Boat","TweetLotto42838","772","21","42","0","3","http://t.co/FS5DgTYC3d","en","Hawaii",,,,,"http://pbs.twimg.com/profile_images/456658621359587329/QccsKow2_normal.jpeg","https://pbs.twimg.com/profile_banners/2335668366/1397710877","1","https://pbs.twimg.com/profile_background_images/456658648303820800/ldcPxk0W.jpeg","333333","https://pbs.twimg.com/profile_images/456658621359587329/QccsKow2_normal.jpeg","FFFFFF",,"DDEEF6","http://pbs.twimg.com/profile_background_images/456658648303820800/ldcPxk0W.jpeg","FFFFFF","7E0306","-36000",,,,,,"NOTICE TO WINNERS: A unique prize code is needed to enter our private contest. Click the link below:",,,"Sun Feb 09 21:15:00 +0000 2014","2014-02-09 22:15:00","2014-05-05 21:59:19","2016-03-14 15:48:28"
"2337916298","Prize Lotto","PrizeFun75959","785","66","41","0","0","http://t.co/vSJfDZbtZI","en-gb","Hawaii",,,,,"http://pbs.twimg.com/profile_images/456654081319120896/QsptQAnS_normal.jpeg","https://pbs.twimg.com/profile_banners/2337916298/1397709799","1","https://pbs.twimg.com/profile_background_images/456654194368212992/r8Fn9A2-.jpeg","333333","https://pbs.twimg.com/profile_images/456654081319120896/QsptQAnS_normal.jpeg","FFFFFF",,"DDEEF6","http://pbs.twimg.com/profile_background_images/456654194368212992/r8Fn9A2-.jpeg","FFFFFF","7E0306","-36000",,,,,,"NOTE TO WINNERS: A unique prize code is necessary to enter our exclusive sweeps. Click the link below:",,,"Tue Feb 11 07:12:27 +0000 2014","2014-02-11 08:12:27","2014-05-05 21:59:19","2016-03-14 15:48:28"
"2337873576","Prize Crazy","PrizeCrazy89150","844","61","39","0","2","http://t.co/Dw2PQ8Eimr","en-gb","Hawaii",,,"1",,"http://abs.twimg.com/sticky/default_profile_images/default_profile_3_normal.png","https://pbs.twimg.com/profile_banners/2337873576/1397709691","1","https://pbs.twimg.com/profile_background_images/456653737100972033/L2KLC4Re.jpeg","333333","https://abs.twimg.com/sticky/default_profile_images/default_profile_3_normal.png","FFFFFF",,"DDEEF6","http://pbs.twimg.com/profile_background_images/456653737100972033/L2KLC4Re.jpeg","FFFFFF","7E0306","-36000",,,,,,"NOTE TO WINNERS: A unique invitation code is necessary 2 enter our exclusive sweeps. Click the link below:",,,"Tue Feb 11 06:34:03 +0000 2014","2014-02-11 07:34:03","2014-05-05 21:59:19","2016-03-14 15:48:28"
"2337868543","Prize Boat","PrizeFun23667","782","64","41","0","1","http://t.co/EFeGOZeSPP","en-gb","Hawaii",,,,,"http://pbs.twimg.com/profile_images/456654304326082560/PF7Xfpy2_normal.jpeg","https://pbs.twimg.com/profile_banners/2337868543/1397709853","1","https://pbs.twimg.com/profile_background_images/456654381312507905/JO48LgEt.jpeg","333333","https://pbs.twimg.com/profile_images/456654304326082560/PF7Xfpy2_normal.jpeg","FFFFFF",,"DDEEF6","http://pbs.twimg.com/profile_background_images/456654381312507905/JO48LgEt.jpeg","FFFFFF","7E0306","-36000",,,,,,"NOTICE TO WINNERS: A unique invitation code is necessary 2 enter our private contest. Click the link below:",,,"Tue Feb 11 06:22:57 +0000 2014","2014-02-11 07:22:57","2014-05-05 21:59:19","2016-03-14 15:48:28"
"2334503318","Prize Lotto","TweetPrize29536","775","68","41","0","2","http://t.co/DAbrhiIueU","en-gb","Hawaii",,,,,"http://pbs.twimg.com/profile_images/456652702500417537/0NDJH8_r_normal.jpeg","https://pbs.twimg.com/profile_banners/2334503318/1397709469","1","https://pbs.twimg.com/profile_background_images/456652789347663872/Qvk7kZ6D.jpeg","333333","https://pbs.twimg.com/profile_images/456652702500417537/0NDJH8_r_normal.jpeg","FFFFFF",,"DDEEF6","http://pbs.twimg.com/profile_background_images/456652789347663872/Qvk7kZ6D.jpeg","FFFFFF","7E0306","-36000",,,,,,"NOTE TO WINNERS: A unique prize code is needed to enter our private sweepstakes. Click the link below:",,,"Sun Feb 09 04:07:16 +0000 2014","2014-02-09 05:07:16","2014-05-05 21:59:19","2016-03-14 15:48:29"
"2351294670","Prize Boat","PrizeFun62234","724","95","90","0","1","http://t.co/TCnGcCDa8D","en-gb","Hawaii",,,,,"http://pbs.twimg.com/profile_images/457372737434972160/qQ-CO5ys_normal.jpeg","https://pbs.twimg.com/profile_banners/2351294670/1397881137","1","https://pbs.twimg.com/profile_background_images/457372850349821952/dL9nnxR6.jpeg","333333","https://pbs.twimg.com/profile_images/457372737434972160/qQ-CO5ys_normal.jpeg","FFFFFF",,"DDEEF6","http://pbs.twimg.com/profile_background_images/457372850349821952/dL9nnxR6.jpeg","FFFFFF","7E0306","-36000",,,,,,"NOTE TO WINNERS: A unique invite code is needed 2 enter our exclusive sweeps. Click the link below:",,,"Wed Feb 19 07:30:38 +0000 2014","2014-02-19 08:30:38","2014-05-05 21:59:19","2016-03-14 15:48:29"
"2337984972","Prize Boat","TweetPrize25756","828","60","61","0","3","http://t.co/zcBdOrWaUt","en-gb","Hawaii",,,,,"http://pbs.twimg.com/profile_images/456654620949889026/PpDiOuWk_normal.jpeg","https://pbs.twimg.com/profile_banners/2337984972/1397709923","1","https://pbs.twimg.com/profile_background_images/456654676000137216/x8Ou6jvE.jpeg","333333","https://pbs.twimg.com/profile_images/456654620949889026/PpDiOuWk_normal.jpeg","FFFFFF",,"DDEEF6","http://pbs.twimg.com/profile_background_images/456654676000137216/x8Ou6jvE.jpeg","FFFFFF","7E0306","-36000",,,,,,"NOTICE TO WINNERS: A unique prize code is needed to enter our exclusive sweepstakes. Click the link below:",,,"Tue Feb 11 08:12:33 +0000 2014","2014-02-11 09:12:33","2014-05-05 21:59:19","2016-03-14 15:48:29"
"2354476128","Prize Crazy","TweetLotto91204","707","99","87","0","2","http://t.co/iyXk71xfw9","en-gb","Hawaii",,,,,"http://pbs.twimg.com/profile_images/457371616276520960/9ThC3Kvd_normal.jpeg","https://pbs.twimg.com/profile_banners/2354476128/1397880871","1","https://pbs.twimg.com/profile_background_images/457371742357311489/gPZW_PGI.jpeg","333333","https://pbs.twimg.com/profile_images/457371616276520960/9ThC3Kvd_normal.jpeg","FFFFFF",,"DDEEF6","http://pbs.twimg.com/profile_background_images/457371742357311489/gPZW_PGI.jpeg","FFFFFF","7E0306","-36000",,,,,,"NOTICE TO WINNERS: A unique invite code is needed to enter our private sweeps. Click the link below:",,,"Fri Feb 21 08:37:22 +0000 2014","2014-02-21 09:37:22","2014-05-05 21:59:19","2016-03-14 15:48:29"
"2355378770","Prize Giveaways","PrizeCrazy11763","728","88","94","0","0","http://t.co/uCShc4sc5x","en-gb","Hawaii",,,,,"http://pbs.twimg.com/profile_images/457373182714859520/babulE2Y_normal.jpeg","https://pbs.twimg.com/profile_banners/2355378770/1397881249","1","https://pbs.twimg.com/profile_background_images/457373311085707264/bmy37Ni0.jpeg","333333","https://pbs.twimg.com/profile_images/457373182714859520/babulE2Y_normal.jpeg","FFFFFF",,"DDEEF6","http://pbs.twimg.com/profile_background_images/457373311085707264/bmy37Ni0.jpeg","FFFFFF","7E0306","-36000",,,,,,"NOTE TO WINNERS: A unique prize code is needed to enter our exclusive sweepstakes. Click the link below:",,,"Fri Feb 21 21:53:07 +0000 2014","2014-02-21 22:53:07","2014-05-05 21:59:19","2016-03-14 15:48:30"
"2355991680","Prize Spectacular","TweetPrize51358","751","94","89","0","1","http://t.co/muBofj45h7","en-gb","Hawaii",,,,,"http://pbs.twimg.com/profile_images/457368782642507776/ETtC5me__normal.jpeg","https://pbs.twimg.com/profile_banners/2355991680/1397880196","1","https://pbs.twimg.com/profile_background_images/457368893812535296/3DMdCmg8.jpeg","333333","https://pbs.twimg.com/profile_images/457368782642507776/ETtC5me__normal.jpeg","FFFFFF",,"DDEEF6","http://pbs.twimg.com/profile_background_images/457368893812535296/3DMdCmg8.jpeg","FFFFFF","7E0306","-36000",,,,,,"NOTE TO WINNERS: A unique prize code is needed to enter our exclusive sweepstakes. Click the link below:",,,"Sat Feb 22 08:01:18 +0000 2014","2014-02-22 09:01:18","2014-05-05 21:59:19","2016-03-14 15:48:30"
"2356038386","Prize Spectacular","Prizetopia65056","651","84","93","0","2","http://t.co/rPMDkKvchA","en-gb","Hawaii",,,,,"http://pbs.twimg.com/profile_images/457369158393409536/VPpV-yKZ_normal.jpeg","https://pbs.twimg.com/profile_banners/2356038386/1397880291","1","https://pbs.twimg.com/profile_background_images/457369670488580096/N5ely2Ml.jpeg","333333","https://pbs.twimg.com/profile_images/457369158393409536/VPpV-yKZ_normal.jpeg","FFFFFF",,"DDEEF6","http://pbs.twimg.com/profile_background_images/457369670488580096/N5ely2Ml.jpeg","FFFFFF","7E0306","-36000",,,,,,"NOTE TO WINNERS: A unique invitation code is needed to enter our exclusive contest. Click the link below:",,,"Sat Feb 22 08:43:41 +0000 2014","2014-02-22 09:43:41","2014-05-05 21:59:19","2016-03-14 15:48:30"
"2351215778","Prize World","Prizetopia26716","696","84","94","0","2","http://t.co/EFLyiiTzBn","en-gb","Hawaii",,,,,"http://pbs.twimg.com/profile_images/457371815631790080/aXYlNe1y_normal.jpeg","https://pbs.twimg.com/profile_banners/2351215778/1397880919","1","https://pbs.twimg.com/profile_background_images/457371894237261825/vjeyoI_u.jpeg","333333","https://pbs.twimg.com/profile_images/457371815631790080/aXYlNe1y_normal.jpeg","FFFFFF",,"DDEEF6","http://pbs.twimg.com/profile_background_images/457371894237261825/vjeyoI_u.jpeg","FFFFFF","7E0306","-36000",,,,,,"NOTE TO WINNERS: A unique invitation code is necessary to enter our private sweepstakes. Click the link below:",,,"Wed Feb 19 06:07:52 +0000 2014","2014-02-19 07:07:52","2014-05-05 21:59:19","2016-03-14 15:48:30"
"2331333152","Angelic Kolbeck","PrizeFun49487","786","58","37","0","2",,"en-gb","Hawaii",,,,,"http://pbs.twimg.com/profile_images/456651095654162432/KNVSwtD4_normal.jpeg","https://pbs.twimg.com/profile_banners/2331333152/1397709088","1","https://pbs.twimg.com/profile_background_images/456651223609778177/XZkui5ic.jpeg","333333","https://pbs.twimg.com/profile_images/456651095654162432/KNVSwtD4_normal.jpeg","FFFFFF",,"DDEEF6","http://pbs.twimg.com/profile_background_images/456651223609778177/XZkui5ic.jpeg","FFFFFF","7E0306","-36000",,,,,,,,,"Fri Feb 07 05:13:13 +0000 2014","2014-02-07 06:13:13","2014-05-05 21:59:19","2016-03-14 15:48:31"
"2356964924","Prize Crazy","Prizetopia62361","756","92","95","0","2","http://t.co/oUbh8JaNUK","en-gb","Hawaii",,,,,"http://pbs.twimg.com/profile_images/457369903452786689/Xz79cm7P_normal.jpeg","https://pbs.twimg.com/profile_banners/2356964924/1397880460","1","https://pbs.twimg.com/profile_background_images/457369947199381505/NXJXOKsO.jpeg","333333","https://pbs.twimg.com/profile_images/457369903452786689/Xz79cm7P_normal.jpeg","FFFFFF",,"DDEEF6","http://pbs.twimg.com/profile_background_images/457369947199381505/NXJXOKsO.jpeg","FFFFFF","7E0306","-36000",,,,,,"NOTE TO WINNERS: A unique invitation code is necessary 2 enter our private contest. Click the link below:",,,"Sat Feb 22 21:34:38 +0000 2014","2014-02-22 22:34:38","2014-05-05 21:59:19","2016-03-14 15:48:31"
"2360094949","Prize Lotto","PrizeCrazy30126","649","84","91","0","2","http://t.co/QCdYXnCqxx","en-gb","Hawaii",,,,,"http://pbs.twimg.com/profile_images/457367584468246528/Igk0Eqd4_normal.jpeg","https://pbs.twimg.com/profile_banners/2360094949/1397879908","1","https://pbs.twimg.com/profile_background_images/457367643238838272/gei3poK5.jpeg","333333","https://pbs.twimg.com/profile_images/457367584468246528/Igk0Eqd4_normal.jpeg","FFFFFF",,"DDEEF6","http://pbs.twimg.com/profile_background_images/457367643238838272/gei3poK5.jpeg","FFFFFF","7E0306","-36000",,,,,,"NOTICE TO WINNERS: A unique prize code is necessary to enter our private sweeps. Click the link below:",,,"Mon Feb 24 22:10:34 +0000 2014","2014-02-24 23:10:34","2014-05-05 21:59:19","2016-03-14 15:48:31"
"2362448845","Prize Lotto","Prizetopia91677","204","95","87","0","0","http://t.co/WeKjrGROOX","en-gb","Hawaii",,,,,"http://pbs.twimg.com/profile_images/461978986877177857/eSh2o6dU_normal.jpeg","https://pbs.twimg.com/profile_banners/2362448845/1398979352","1","https://pbs.twimg.com/profile_background_images/461979073179160576/GGRG_Hmg.jpeg","333333","https://pbs.twimg.com/profile_images/461978986877177857/eSh2o6dU_normal.jpeg","FFFFFF",,"DDEEF6","http://pbs.twimg.com/profile_background_images/461979073179160576/GGRG_Hmg.jpeg","FFFFFF","7E0306","-36000",,,,,,"NOTE TO WINNERS: A unique prize code is needed 2 enter our private contest. Click the link below:",,,"Wed Feb 26 09:52:14 +0000 2014","2014-02-26 10:52:14","2014-05-05 21:59:19","2016-03-14 15:48:31"
"2360655823","Prize Lotto","TweetLotto74250","767","94","81","0","2","http://t.co/LSmdd1uBfX","en-gb","Hawaii",,,,,"http://pbs.twimg.com/profile_images/457048640977006592/68ABRRXC_normal.jpeg","https://pbs.twimg.com/profile_banners/2360655823/1397803866","1","https://pbs.twimg.com/profile_background_images/457048742101647360/cif2KCc4.jpeg","333333","https://pbs.twimg.com/profile_images/457048640977006592/68ABRRXC_normal.jpeg","FFFFFF",,"DDEEF6","http://pbs.twimg.com/profile_background_images/457048742101647360/cif2KCc4.jpeg","FFFFFF","7E0306","-36000",,,,,,"NOTICE TO WINNERS: A unique invite code is needed to enter our private contest. Click the link below:",,,"Tue Feb 25 06:55:18 +0000 2014","2014-02-25 07:55:18","2014-05-05 21:59:19","2016-03-14 15:48:32"
"2358720481","Prize Spectacular","PrizeFun51021","710","80","87","0","3","http://t.co/u8ayOaC4fX","en-gb","Hawaii",,,,,"http://pbs.twimg.com/profile_images/457367201331154944/m1IFQNLx_normal.jpeg","https://pbs.twimg.com/profile_banners/2358720481/1397879817","1","https://pbs.twimg.com/profile_background_images/457367333330100224/UYKFjoyE.jpeg","333333","https://pbs.twimg.com/profile_images/457367201331154944/m1IFQNLx_normal.jpeg","FFFFFF",,"DDEEF6","http://pbs.twimg.com/profile_background_images/457367333330100224/UYKFjoyE.jpeg","FFFFFF","7E0306","-36000",,,,,,"NOTICE TO WINNERS: A unique prize code is needed to enter our private contest. Click the link below:",,,"Mon Feb 24 00:46:52 +0000 2014","2014-02-24 01:46:52","2014-05-05 21:59:19","2016-03-14 15:48:32"
"2358717260","Prize Crazy","PrizeFun37177","748","88","106","0","2","http://t.co/Z9eeLgKmTX","en-gb","Hawaii",,,,,"http://pbs.twimg.com/profile_images/457367226794790912/7OAbi4la_normal.jpeg","https://pbs.twimg.com/profile_banners/2358717260/1397879832","1","https://pbs.twimg.com/profile_background_images/457367372865617920/uqmACao_.jpeg","333333","https://pbs.twimg.com/profile_images/457367226794790912/7OAbi4la_normal.jpeg","FFFFFF",,"DDEEF6","http://pbs.twimg.com/profile_background_images/457367372865617920/uqmACao_.jpeg","FFFFFF","7E0306","-36000",,,,,,"NOTE TO WINNERS: A unique invitation code is necessary 2 enter our private sweeps. Click the link below:",,,"Mon Feb 24 00:50:34 +0000 2014","2014-02-24 01:50:34","2014-05-05 21:59:19","2016-03-14 15:48:32"
"2343171061","Prize Boat","TweetPrize77418","197","90","77","0","1","http://t.co/vobtuNHVxJ","en-gb","Hawaii",,,,,"http://pbs.twimg.com/profile_images/461977861801267203/WomWlXA3_normal.jpeg","https://pbs.twimg.com/profile_banners/2343171061/1398979084","1","https://pbs.twimg.com/profile_background_images/461977963211132928/3f44a7dn.jpeg","333333","https://pbs.twimg.com/profile_images/461977861801267203/WomWlXA3_normal.jpeg","FFFFFF",,"DDEEF6","http://pbs.twimg.com/profile_background_images/461977963211132928/3f44a7dn.jpeg","FFFFFF","7E0306","-36000",,,,,,"NOTICE TO WINNERS: A unique prize code is necessary 2 enter our exclusive sweepstakes. Click the link below:",,,"Fri Feb 14 06:33:52 +0000 2014","2014-02-14 07:33:52","2014-05-05 21:59:19","2016-03-14 15:48:32"
"2363972924","Prize Lotto","Prizetopia73828","821","83","97","0","2","http://t.co/qzmfgQAMpM","en-gb","Hawaii",,,,,"http://pbs.twimg.com/profile_images/457045504396763136/gjR9ssfU_normal.jpeg","https://pbs.twimg.com/profile_banners/2363972924/1397803121","1","https://pbs.twimg.com/profile_background_images/457045612513345536/HDJxlfg5.jpeg","333333","https://pbs.twimg.com/profile_images/457045504396763136/gjR9ssfU_normal.jpeg","FFFFFF",,"DDEEF6","http://pbs.twimg.com/profile_background_images/457045612513345536/HDJxlfg5.jpeg","FFFFFF","7E0306","-36000",,,,,,"NOTE TO WINNERS: A unique invitation code is needed 2 enter our private contest. Click the link below:",,,"Thu Feb 27 10:28:59 +0000 2014","2014-02-27 11:28:59","2014-05-05 21:59:19","2016-03-14 15:48:33"
"2359176846","Prize Tweets","TweetWin91598","774","84","91","0","2","http://t.co/9ecKbahVQ9","en-gb","Hawaii",,,,,"http://pbs.twimg.com/profile_images/457049410195554304/7QTo0Qpc_normal.jpeg","https://pbs.twimg.com/profile_banners/2359176846/1397804054","1","https://pbs.twimg.com/profile_background_images/457049512976990208/l77OV90I.jpeg","333333","https://pbs.twimg.com/profile_images/457049410195554304/7QTo0Qpc_normal.jpeg","FFFFFF",,"DDEEF6","http://pbs.twimg.com/profile_background_images/457049512976990208/l77OV90I.jpeg","FFFFFF","7E0306","-36000",,,,,,"NOTICE TO WINNERS: A unique invite code is necessary to enter our exclusive contest. Click the link below:",,,"Mon Feb 24 08:26:08 +0000 2014","2014-02-24 09:26:08","2014-05-05 21:59:19","2016-03-14 15:48:33"
"2343198655","Prize Spectacular","TweetPrize35913","179","86","76","0","1","http://t.co/tb5DOX2Si8","en-gb","Hawaii",,,,,"http://pbs.twimg.com/profile_images/461977872232497154/WiPGJWfI_normal.jpeg","https://pbs.twimg.com/profile_banners/2343198655/1398979086","1","https://pbs.twimg.com/profile_background_images/461977922769678336/V4R5fh-S.jpeg","333333","https://pbs.twimg.com/profile_images/461977872232497154/WiPGJWfI_normal.jpeg","FFFFFF",,"DDEEF6","http://pbs.twimg.com/profile_background_images/461977922769678336/V4R5fh-S.jpeg","FFFFFF","7E0306","-36000",,,,,,"NOTICE TO WINNERS: A unique invitation code is needed to enter our exclusive contest. Click the link below:",,,"Fri Feb 14 07:00:27 +0000 2014","2014-02-14 08:00:27","2014-05-05 21:59:19","2016-03-14 15:48:33"
"2344314540","Prize Tweets","PrizeCrazy25730","820","22","35","0","2","http://t.co/lWJxljvlZg","en","Hawaii",,,,,"http://pbs.twimg.com/profile_images/457041034438901760/qpa8JUH4_normal.jpeg","https://pbs.twimg.com/profile_banners/2344314540/1397802055","1","https://pbs.twimg.com/profile_background_images/457041083864596480/K6my9dgH.jpeg","333333","https://pbs.twimg.com/profile_images/457041034438901760/qpa8JUH4_normal.jpeg","FFFFFF",,"DDEEF6","http://pbs.twimg.com/profile_background_images/457041083864596480/K6my9dgH.jpeg","FFFFFF","7E0306","-36000",,,,,,"NOTE TO WINNERS: A unique invite code is necessary 2 enter our private sweeps. Click the link below:",,,"Sat Feb 15 00:40:25 +0000 2014","2014-02-15 01:40:25","2014-05-05 21:59:19","2016-03-14 15:48:33"
"2343108704","Prize Boat","TweetPrize67661","427","92","88","0","2","http://t.co/IiVekuxF2E","en-gb","Hawaii",,,,,"http://pbs.twimg.com/profile_images/459923634761388033/6eC8RtbD_normal.jpeg","https://pbs.twimg.com/profile_banners/2343108704/1398489324","1","https://pbs.twimg.com/profile_background_images/459923736028655618/73znC7DB.jpeg","333333","https://pbs.twimg.com/profile_images/459923634761388033/6eC8RtbD_normal.jpeg","FFFFFF",,"DDEEF6","http://pbs.twimg.com/profile_background_images/459923736028655618/73znC7DB.jpeg","FFFFFF","7E0306","-36000",,,,,,"NOTICE TO WINNERS: A unique invite code is needed to enter our private sweeps. Click the link below:",,,"Fri Feb 14 05:35:05 +0000 2014","2014-02-14 06:35:05","2014-05-05 21:59:19","2016-03-14 15:48:34"
"2368474045","Prize Boat","TweetLotto50890","771","85","98","0","1","http://t.co/nKQfBpDUij","en-gb","Hawaii",,,,,"http://pbs.twimg.com/profile_images/457041815690944512/mEsapS9V_normal.jpeg","https://pbs.twimg.com/profile_banners/2368474045/1397802238","1","https://pbs.twimg.com/profile_background_images/457041890706087936/VxVHQ14g.jpeg","333333","https://pbs.twimg.com/profile_images/457041815690944512/mEsapS9V_normal.jpeg","FFFFFF",,"DDEEF6","http://pbs.twimg.com/profile_background_images/457041890706087936/VxVHQ14g.jpeg","FFFFFF","7E0306","-36000",,,,,,"NOTICE TO WINNERS: A unique invitation code is necessary 2 enter our exclusive sweepstakes. Click the link below:",,,"Sun Mar 02 07:06:28 +0000 2014","2014-03-02 08:06:28","2014-05-05 21:59:19","2016-03-14 15:48:34"
"2363220464","Prize Crazy","TweetLotto13166","796","86","109","0","4","http://t.co/QGIveFbvgF","en-gb","Hawaii",,,,,"http://pbs.twimg.com/profile_images/457046239859593216/TGHFlm76_normal.jpeg","https://pbs.twimg.com/profile_banners/2363220464/1397803297","1","https://pbs.twimg.com/profile_background_images/457046342796210176/Nv5PnYDf.jpeg","333333","https://pbs.twimg.com/profile_images/457046239859593216/TGHFlm76_normal.jpeg","FFFFFF",,"DDEEF6","http://pbs.twimg.com/profile_background_images/457046342796210176/Nv5PnYDf.jpeg","FFFFFF","7E0306","-36000",,,,,,"NOTICE TO WINNERS: A unique prize code is needed 2 enter our exclusive sweeps. Click the link below:",,,"Wed Feb 26 21:38:39 +0000 2014","2014-02-26 22:38:39","2014-05-05 21:59:19","2016-03-14 15:48:34"
"2336803308","Prize Giveaways","TweetLotto95722","819","22","32","0","2","http://t.co/DAbrhiIueU","en","Hawaii",,,,,"http://pbs.twimg.com/profile_images/457039820720574464/uvSfW7aj_normal.jpeg","https://pbs.twimg.com/profile_banners/2336803308/1397801762","1","https://pbs.twimg.com/profile_background_images/457039852760883200/3d-_LVUM.jpeg","333333","https://pbs.twimg.com/profile_images/457039820720574464/uvSfW7aj_normal.jpeg","FFFFFF",,"DDEEF6","http://pbs.twimg.com/profile_background_images/457039852760883200/3d-_LVUM.jpeg","FFFFFF","7E0306","-36000",,,,,,"NOTE TO WINNERS: A unique prize code is necessary to enter our private sweepstakes. Click the link below:",,,"Mon Feb 10 14:50:09 +0000 2014","2014-02-10 15:50:09","2014-05-05 21:59:19","2016-03-14 15:48:34"
"2344320643","Prize Tweets","TweetLotto48573","772","21","41","0","3","http://t.co/UZpOCGQ6KR","en","Hawaii",,,,,"http://pbs.twimg.com/profile_images/456659256188481536/ZUFiMDay_normal.jpeg","https://pbs.twimg.com/profile_banners/2344320643/1397711029","1","https://pbs.twimg.com/profile_background_images/456659358240092160/NNU5eeHc.jpeg","333333","https://pbs.twimg.com/profile_images/456659256188481536/ZUFiMDay_normal.jpeg","FFFFFF",,"DDEEF6","http://pbs.twimg.com/profile_background_images/456659358240092160/NNU5eeHc.jpeg","FFFFFF","7E0306","-36000",,,,,,"NOTE TO WINNERS: A unique prize code is necessary to enter our exclusive contest. Click the link below:",,,"Sat Feb 15 00:38:02 +0000 2014","2014-02-15 01:38:02","2014-05-05 21:59:19","2016-03-14 15:48:35"
"2366263388","Prize World","PrizeCrazy81722","748","84","92","0","2","http://t.co/y1IwFhwFoj","en-gb","Hawaii",,,"1",,"http://abs.twimg.com/sticky/default_profile_images/default_profile_6_normal.png","https://pbs.twimg.com/profile_banners/2366263388/1397802712","1","https://pbs.twimg.com/profile_background_images/457043898544582656/lubWK2XG.jpeg","333333","https://abs.twimg.com/sticky/default_profile_images/default_profile_6_normal.png","FFFFFF",,"DDEEF6","http://pbs.twimg.com/profile_background_images/457043898544582656/lubWK2XG.jpeg","FFFFFF","7E0306","-36000",,,,,,"NOTE TO WINNERS: A unique prize code is necessary to enter our private sweeps. Click the link below:",,,"Sat Mar 01 00:15:28 +0000 2014","2014-03-01 01:15:28","2014-05-05 21:59:19","2016-03-14 15:48:35"
"2368584738","Prize Lotto","TweetWin00194","810","92","90","0","3","http://t.co/u8ayOaC4fX","en-gb","Hawaii",,,,,"http://pbs.twimg.com/profile_images/457042426087997440/j08wPO0K_normal.jpeg","https://pbs.twimg.com/profile_banners/2368584738/1397802385","1","https://pbs.twimg.com/profile_background_images/457042487907844096/YzAMA83R.jpeg","333333","https://pbs.twimg.com/profile_images/457042426087997440/j08wPO0K_normal.jpeg","FFFFFF",,"DDEEF6","http://pbs.twimg.com/profile_background_images/457042487907844096/YzAMA83R.jpeg","FFFFFF","7E0306","-36000",,,,,,"NOTICE TO WINNERS: A unique invitation code is necessary 2 enter our private contest. Click the link below:",,,"Sun Mar 02 09:02:39 +0000 2014","2014-03-02 10:02:39","2014-05-05 21:59:19","2016-03-14 15:48:35"
"2368468476","Prize Crazy","TweetLotto39076","759","91","100","0","2","http://t.co/W5QXrAgArb","en-gb","Hawaii",,,,,"http://pbs.twimg.com/profile_images/457042227806470144/wSBEqtWe_normal.jpeg","https://pbs.twimg.com/profile_banners/2368468476/1397802336","1","https://pbs.twimg.com/profile_background_images/457042291341807616/FaCWT_xe.jpeg","333333","https://pbs.twimg.com/profile_images/457042227806470144/wSBEqtWe_normal.jpeg","FFFFFF",,"DDEEF6","http://pbs.twimg.com/profile_background_images/457042291341807616/FaCWT_xe.jpeg","FFFFFF","7E0306","-36000",,,,,,"NOTICE TO WINNERS: A unique prize code is necessary to enter our private sweeps. Click the link below:",,,"Sun Mar 02 07:09:49 +0000 2014","2014-03-02 08:09:49","2014-05-05 21:59:19","2016-03-14 15:48:35"
"2330520211","Prize Boat","Prizetopia50737","766","58","41","0","2","http://t.co/zcBdOrWaUt","en-gb","Hawaii",,,,,"http://pbs.twimg.com/profile_images/456528319140216832/KUv-_e0w_normal.jpeg","https://pbs.twimg.com/profile_banners/2330520211/1397679820","1","https://pbs.twimg.com/profile_background_images/456528472760786944/JufeteHX.jpeg","333333","https://pbs.twimg.com/profile_images/456528319140216832/KUv-_e0w_normal.jpeg","FFFFFF",,"DDEEF6","http://pbs.twimg.com/profile_background_images/456528472760786944/JufeteHX.jpeg","FFFFFF","7E0306","-36000",,,,,,"NOTICE TO WINNERS: A unique invitation code is needed to enter our private contest. Click the link below:",,,"Thu Feb 06 16:12:51 +0000 2014","2014-02-06 17:12:51","2014-05-05 21:59:19","2016-03-14 15:48:36"
"2341025366","Prize World","PrizeCrazy92208","802","19","28","0","3","http://t.co/STZW31GnrT","en","Hawaii",,,,,"http://pbs.twimg.com/profile_images/456658025256722432/PvzeEhH5_normal.jpeg","https://pbs.twimg.com/profile_banners/2341025366/1397710734","1","https://pbs.twimg.com/profile_background_images/456658052309983232/FPoELssf.jpeg","333333","https://pbs.twimg.com/profile_images/456658025256722432/PvzeEhH5_normal.jpeg","FFFFFF",,"DDEEF6","http://pbs.twimg.com/profile_background_images/456658052309983232/FPoELssf.jpeg","FFFFFF","7E0306","-36000",,,,,,"NOTE TO WINNERS: A unique prize code is needed 2 enter our private contest. Click the link below:",,,"Wed Feb 12 22:39:48 +0000 2014","2014-02-12 23:39:48","2014-05-05 21:59:19","2016-03-14 15:48:36"
"2343033816","Prize Tweets","PrizeCrazy81096","815","23","42","0","4","http://t.co/A8RHzMua5D","en","Hawaii",,,,,"http://pbs.twimg.com/profile_images/456658564195426307/VaynlrAf_normal.jpeg","https://pbs.twimg.com/profile_banners/2343033816/1397710862","1","https://pbs.twimg.com/profile_background_images/456658585192116225/_gBzKuKj.jpeg","333333","https://pbs.twimg.com/profile_images/456658564195426307/VaynlrAf_normal.jpeg","FFFFFF",,"DDEEF6","http://pbs.twimg.com/profile_background_images/456658585192116225/_gBzKuKj.jpeg","FFFFFF","7E0306","-36000",,,,,,"NOTICE TO WINNERS: A unique invite code is needed to enter our private sweepstakes. Click the link below:",,,"Fri Feb 14 04:17:11 +0000 2014","2014-02-14 05:17:11","2014-05-05 21:59:19","2016-03-14 15:48:36"
